"XQDdHH","z9E0IG","ZmyHeo","_2NsDsF","MztJPv","_2NsDsF 2","tl9VpF","tl9VpF 2"
"","","","","","","",""
"5","Must buy!","Using this Iphone 15 from 1month and it has best Camera","Flipkart Customer","Certified Buyer","Apr, 2024","106","16"
"5","Wonderful","Amezing  camera and all over best phoneüëå","Neeraj  Chouhan","Certified Buyer","Nov, 2024","222","41"
"5","Excellent","Awesome product very happy to hold this. Better In hand feel,matte finish. Good camera, Brighter screen with Dynamic Island, USB-C, great battery life.60Hz display is a dealbreaker for some.Its not much noticeable.Thank u Flipkart for the best deal and quick delivery.","Arunji Govindaraju","Certified Buyer","Feb, 2024","861","190"
"5","Just wow!","Awesome üî•üî•‚ò∫Ô∏è","Rishabh  Jha","Certified Buyer","Apr, 2024","678","149"
"5","Fabulous!","Awesome üòé","Thakur Surya Pratap Singh","Certified Buyer","9 months ago","1161","267"
"5","Awesome","Switch from OnePlus to iPhone I am stunned with camera performance. Everything is perfect on  iPhone 15.","Nikhil Kumar","Certified Buyer","Jan, 2024","2074","504"
"5","Mind-blowing purchase","High quality cameraüòç","Ajin V","Certified Buyer","Oct, 2023","10932","2816"
"4","Good choice","Very nice","Mousam  Guha Roy","Certified Buyer","Oct, 2023","4018","932"
"5","Worth every penny","Awesome photography experience. Battery backup is good . Display is much better than 14 version.","Flipkart Customer","Certified Buyer","Jan, 2024","1633","394"
"5","Fabulous!","So beautiful, so elegant, just a vowwwüòç‚ù§Ô∏è","Akshay Meena","Certified Buyer","Nov, 2023","1083","256"
"","","","","","","",""
"5","Worth every penny","Just go for it.Amazing one.Beautiful camera with super fast processor","bijaya mohanty","Certified Buyer","May, 2024","4599","1186"
"5","Worth every penny","Just loved the product , colour , design is wow and camera is amazing , just clicked first picture of my grandmother üëµüèª  in portrait mode and results r here in front of you guys üòçüòò","Kriti Customer","Certified Buyer","Feb, 2024","647","149"
"5","Must buy!","Using this Iphone 15 from 1month and it has best Camera","Flipkart Customer","Certified Buyer","Apr, 2024","112","19"
"5","Highly recommended","I love this phone. The camera is amazing: its I am so happy","Talim (sk)","Certified Buyer","Dec, 2023","1324","324"
"5","Awesome","Simply premium.","Saurabh Gothwad","Certified Buyer","Sep, 2023","374","82"
"4","Worth the money","Best mobile phoneCamera quality is very nice Battery backup is very good Sound quality is amazing.","Sheetla Prasad Maurya","Certified Buyer","Oct, 2023","2733","650"
"5","Brilliant","Totally happy!Camera 5Battery 5 Display 5Design 5","Rahul Shedge","Certified Buyer","Oct, 2023","418","94"
"5","Classy product","Nice ‚ù§Ô∏è","mohit  yadav","Certified Buyer","Nov, 2023","937","228"
"5","Simply awesome","for me its 10 out of 10‚ú®","Raj Singh","Certified Buyer","Dec, 2023","343","77"
"5","Worth every penny","Great!","Sandip Mandal","Certified Buyer","Feb, 2024","219","46"
"","","","","","","",""
"5","Great product","best camera and battery is also very good In love with dynamic Island Type-c charging is very fast. Overall best phone","AYUSH singh","Certified Buyer","Nov, 2023","262","58"
"5","Just wow!","Thanks Flipkart I m glad such a beautiful iPhone 15","Afzol  Hussain","Certified Buyer","Mar, 2024","109","20"
"4","Value-for-money","Nice photo","Kesab Pradhan","Certified Buyer","Aug, 2024","53","7"
"4","Wonderful","Nice product","Flipkart Customer","Certified Buyer","May, 2024","90","15"
"4","Really Nice","Awesome camra quality superb camra üòä","Ankit  Verma","Certified Buyer","Oct, 2023","477","113"
"4","Value-for-money","Nice phone good","VinodKUMAR VinodKUMAR","Certified Buyer","Mar, 2024","42","5"
"5","Perfect product!","Camera quality top notch üëç","Dev  Kumar","Certified Buyer","Oct, 2023","61","10"
"5","Classy product","Awesome quality I am very happy. Thank you Flipkart.","Zeeshan Khan","Certified Buyer","Dec, 2023","218","51"
"5","Best in the market!","Simply Awesome ü§©","Suman Jain","Certified Buyer","Sep, 2023","694","188"
"5","Must buy!","Very good quality","dr sachchidanand  pardeshi","Certified Buyer","May, 2024","12","0"
"","","","","","","",""
"5","Just wow!","Camera üî•","Flipkart Customer","Certified Buyer","Jan, 2024","72","13"
"5","Great product","Awesome phone powerful performance and battery backup are also very good no heating issue ‚ò∫Ô∏è","SONAL PAL","Certified Buyer","Oct, 2023","118","25"
"5","Super!","A Perfect Smartphone üòç‚ù§Ô∏èüëåüëå","Amit Biswas","Certified Buyer","Jun, 2024","51","8"
"5","Classy product","Awesome","Bhaskar Sharma","Certified Buyer","Feb, 2024","55","9"
"5","Simply awesome","This is my first iphone ever used loving it already this is worth it ü•∞","Praveen Kumar","Certified Buyer","Sep, 2023","395","104"
"5","Mind-blowing purchase","The iPhone 15 exceeded my expectations in every way possible. The sleek design, stunning display, and lightning-fast performance make it a standout device in the smartphone market. The camera quality is unparalleled, capturing every moment with incredible detail and clarity. Plus, the battery life is impressive, easily lasting me throughout the day. With the added bonus of a great deal and discount, purchasing the iPhone 15 from Flipkart was an absolute steal.","Varsha Sadanand Salve","Certified Buyer","Apr, 2024","63","11"
"5","Classy product","Camera is just wow. All classes clicks are done at night....phone Performance is awesome.... I'm writing now again for review...it's really maintained its premium image","Akash  Deep","Certified Buyer","Jan, 2024","58","10"
"5","Terrific","Their is nothing to explain about Apple iPhone nowadays everyone knows when ur comes to iPhone 15 is just amazing üî•","Jayanth Jai","Certified Buyer","Feb, 2024","102","22"
"5","Awesome","Nice üôÇüôÇüôÇüôÇüôÇ","Jayanta  Roy","Certified Buyer","Sep, 2023","683","197"
"5","Brilliant","moving from android to apple is a surreal experience. still apple could focus on more flexibility towards the apps.","Sajib Das","Certified Buyer","Jan, 2024","252","66"
"","","","","","","",""
"5","Super!","Best for regular usage","Flipkart Customer","Certified Buyer","Feb, 2024","107","24"
"5","Great product","I have recently switched from Android to ios, it does feel very strange at the beginning but now I am getting habitual to the iosIt is really very nice and feels premium. The camera is also very nice. I am fully satisfied with this purchase.","Anubhav Chauhan","Certified Buyer","Jun, 2024","22","2"
"5","Brilliant","Loved it ü•∞","Sunny  Patel","Certified Buyer","Feb, 2024","11","0"
"5","Excellent","Only 90fps is need And best phone of the year goes to this phone","Anwar Customer","Certified Buyer","Jan, 2024","11","0"
"5","Terrific purchase","Absolutely gorgeous üòª","ANUP SINGH GAUTAM","Certified Buyer","Oct, 2023","30","4"
"5","Super!","Great experience","Khushboo Verma","Certified Buyer","10 months ago","35","5"
"5","Wonderful","Camera is so good","SYAM SUNDER","Certified Buyer","Jan, 2024","47","8"
"5","Wonderful","Simply wow wow wow üòç‚ù§Ô∏è","Shubhanker  Singh","Certified Buyer","Jan, 2024","54","10"
"5","Best in the market!","48 megapixel is litüî•Thin bessels compared to 14Lesser in weightDynamic Island works perfectlyGood battery backup ‚ö°My rating 5/5","SANDEEP SOMAN","Certified Buyer","Sep, 2023","398","119"
"5","Fabulous!","It's performance is super and nice camera also a ok battery backup..","Akhilesh Bepari","Certified Buyer","Sep, 2023","189","52"
"","","","","","","",""
"5","Classy product","Nice Product Thanks for Flipkart Camera 10/10Battery 8/10Display 10/10","Bibhu Prasad  Bisoyi","Certified Buyer","Oct, 2024","10","0"
"5","Worth every penny","Battery lasted longer than my first relationship (4days). Listening to arijit singh songs on full volume since then still isn't getting over. Has more warmth than her. Unlike her there's two way communication here as touchpad is very responsive . Fingerprint unlock is nice as it only opens up to me. 5 Star for this -1 for Shivanshi","Yash saini","Certified Buyer","Sep, 2024","10","0"
"5","Excellent","Amazing one_____üòçüòò‚úåÔ∏è","Mohammad  Zishan","Certified Buyer","Feb, 2024","9","0"
"5","Fabulous!","It looks so good in my hand !.......WAU?","Atul Negi","Certified Buyer","Sep, 2023","170","48"
"5","Super!","Brilliant ü´∂üèªü§©","Nandita Panchal","Certified Buyer","10 months ago","15","1"
"5","Perfect product!","The camera quality is just awesome ..just like DSLR","ABIR  MODAK","Certified Buyer","Feb, 2024","15","1"
"5","Must buy!","Nice üëå","CHETAN  TILWALIA","Certified Buyer","Apr, 2024","113","30"
"5","Awesome","Loved this product ‚ù§Ô∏è‚ù§Ô∏è","Feroz Basha","Certified Buyer","Jan, 2024","69","16"
"5","Excellent","Such a amazing phone ü´∂üèª","RAHUL  SEN","Certified Buyer","Jan, 2024","90","23"
"5","Worth every penny","Camera is good but not too good like other camera phone.Performance is good but missed 90hz display.Battery is good enough for a day use.Sound is quite awesome like no other phonesRest phone is good to go for.","Preenit  Rai","Certified Buyer","Feb, 2024","70","17"
"","","","","","","",""
"5","Great product","Great Experience Flipkart I am giving 10 of 10 Camera, Sound, Screen... Transportation Mi note 9 pro Max to Iphone 15 .","SHASHANK PATHAK","Certified Buyer","Jan, 2024","58","13"
"5","Must buy!","This mobile is phenomenal, I like the camera most","Flipkart Customer","Certified Buyer","Jan, 2024","19","2"
"5","Fabulous!","I was sceptical of online purchase but I was wrong I got what I ordered Best phone ever","Sharon Lepcha","Certified Buyer","Jan, 2024","23","3"
"4","Wonderful","Everything lovely Just for the first time u wont feel much difference b/w pro and non pro model iphones.","Mohammad  Mubarak","Certified Buyer","Jan, 2024","10","0"
"5","Brilliant","Switch from android to iPhoneüòçJust wow. Camera and battery backup is outstanding for daily use","Purnendu Mondal","Certified Buyer","Jan, 2024","30","5"
"4","Good choice","Very nice product‚ò∫Ô∏è‚ò∫Ô∏èwe loved the phone very much","Naveen S","Certified Buyer","Sep, 2023","111","29"
"5","Classy product","Absolutely premium product..just wow","Kishu Kumar","Certified Buyer","Jan, 2024","62","15"
"5","Terrific purchase","Meet my expectations!","Nilanjan Pal","Certified Buyer","May, 2024","14","1"
"5","Brilliant","10/10 I love this  love it very good work","jeet  sikder","Certified Buyer","Jun, 2024","9","0"
"5","Worth every penny","As Expected ü§£üòÇü´£","PROSIT DAS","Certified Buyer","Apr, 2024","9","0"
"","","","","","","",""
"5","Brilliant","Really its the best and richest design üòç","Anish Sanjay","Certified Buyer","Apr, 2024","18","2"
"5","Highly recommended","Just upgraded from iphone 12 to 15 and I totally loved this 15 series.Camera:- No doubt iphones camera are best of any other smartphone, primary camera is now 48mp which gives quite sharp images, 2x in portrait mode is definitely a game changer in base varient.Battery:- 3349 mAH is quite better as compared to older versions.Performance:- Apple improve performance by introducing A-16 bionic chip, no doubt performance is on top.Display:- In display we get dynamic island which gives phone mo...","jay singh","Certified Buyer","Oct, 2023","282","97"
"5","Simply awesome","Super Good Product","VENKATESH REDDY","Certified Buyer","Feb, 2024","25","4"
"5","Super!","Pic Quality Awesome","Mukesh Kumar","Certified Buyer","Oct, 2023","38","8"
"5","Classy product","A perfect n balanced phone ‚ù£Ô∏è. Was thinking of switching to ios from last two years and yeah its worth buying the black beauty üñ§.","Abhijit Kumar","Certified Buyer","Jan, 2024","73","20"
"5","Worth every penny","Light weight phone. Camera and sound is fine and performance is highly appreciable.","Ayan Das","Certified Buyer","Feb, 2024","20","3"
"4","Wonderful","Coming from an iPhone 11, the upgrade is not completely unnecessary. I can see few daily improvements which impacts me personally. The battery back up is a good upgrade. The cameras are obviously better. The Dynamic Island is alright but not something I cannot live without. Face ID works smoother. I am not into games, so no comments on that. For a regular person, this phone is more than enough. And for people with other Apple devices, this is just an awesome part of the ecosystem.","Himanjan Bora","Certified Buyer","Aug, 2024","28","5"
"5","Best in the market!","best camera phone ü•∞","Krishna kishor Singh","Certified Buyer","Jan, 2024","13","1"
"5","Value-for-money","Just ok like any other premium android phone. Sound is just fantastic and face unlock feature is more convenient than fingerprint scanner. Battery backup is more than android 5000 mah battery. This is my frist iPhone, migrated from android due to chipset heating problem in Google tensor chip and Samsung exonys processsor.","Nirmala Sahu","Certified Buyer","Jan, 2024","13","1"
"4","Worth the money","Writing this review after extensive usage. Hope it helps interested buyers decide.1. Display:- 4/5 (Great display but limited to 60Hz in 2023-24)2. Camera:- 4/5 (Great cameras but no telephoto at this price segment but this time Apple really nailed it with the 15 series 24mp shots are very sharp and detailed)3. Performance:- 5/5 (One of the fastest SOC available right now)4. Battery:- 3/5 (Average battery life also charger not included in the box and still charges slowly with the 20w bric...","Arpan Dewanjee","Certified Buyer","Mar, 2024","56","14"
"","","","","","","",""
"5","Terrific","Best in class..! Superb camera and performance. Fine grip.","Nilesh  Yadav","Certified Buyer","Sep, 2023","47","12"
"5","Classy product","I recently went on a trip with a friend who has S24 ultra but somehow we ended up clicking all the pictures with my Iphone 15. The camera is that good.","Swarnima Customer","Certified Buyer","Nov, 2024","8","0"
"5","Highly recommended","It's amazing nd also the delivery boy was very humble.","Urgain Norzin","Certified Buyer","Oct, 2023","8","0"
"5","Worth every penny","Awesome...","Surabhi Das","Certified Buyer","Jan, 2024","96","31"
"5","Super!","Very nice product üëåüëåüëåüëåüëå","Nitin Kumar","Certified Buyer","May, 2024","28","6"
"5","Fabulous!","Love the performance üëç","Ajay Vishwakarma","Certified Buyer","Jan, 2024","53","15"
"5","Super!","I have been using this phone since two months.And this phone is amazing.  Camera- 10/10Display- 10/10Performance- 10/10Battery- 9.5/10","Ajmir Hossain","Certified Buyer","Apr, 2024","19","3"
"4","Really Nice","Mobile battery consumption very fastSo that I charge 3 times to charge in a day","Flipkart Customer","Certified Buyer","Oct, 2024","8","0"
"5","Mind-blowing purchase","Great for photography nd videographyEspecially inbuilt 2x zoom helps a lot which is missing in previous basic models","Dr Rohith Gurugubelli","Certified Buyer","Sep, 2024","15","2"
"5","Fabulous!","Super","Abnish  Sen","Certified Buyer","Jan, 2024","11","1"
"","","","","","","",""
"5","Simply awesome","Best phone ever","Flipkart Customer","Certified Buyer","9 months ago","7","0"
"5","Terrific purchase","I order smartphone from Flipkart. This is my 4th phone i order. I have had the best experience every time.","Aniket Zurange","Certified Buyer","Sep, 2024","7","0"
"5","Fabulous!","Performance super","jithu reddy","Certified Buyer","Jan, 2024","7","0"
"5","Must buy!","Coming from iphone 12 mini.Camera is definitely a upgrade over the previous generation.Design outside remains the same. Pastel colours with matte finish.The Dynamic Island is what i liked for the notification part.Processor of previous generation pro models.Overall a value for money among the 15 models.Got it a great deal in flipkart clubbing exchange and bank offers.Delivery was on time.","KALPESH SHIRSEKAR","Certified Buyer","Sep, 2023","20","4"
"5","Just wow!","Nice","Suraj Mehra","Certified Buyer","Nov, 2023","38","11"
"5","Terrific purchase","Nice one ü´∂","Flipkart Customer","Certified Buyer","Oct, 2023","14","2"
"4","Wonderful","I upgraded from iPhone 13 to 15 and this phone is awesome worth the money go for it","Thilak Kumar","Certified Buyer","Sep, 2023","125","48"
"4","Worth the money","After 10 days of use.Camera 10/10Battery 8/10( I am a light user so battery stands more than 20 hrs)Performance 10/10Display 10/10","Flipkart Customer","Certified Buyer","Mar, 2024","7","0"
"4","Wonderful","Battery is worst!I am moving from android, so i feel my 20k android phone is better than this iphone. Although i brought this for apple ecosystem!","Monish B","Certified Buyer","Jan, 2024","45","14"
"5","Just wow!","Awesomeüòçswitch from android to iOS","Shivani Jain","Certified Buyer","Sep, 2023","51","18"
"","","","","","","",""
"5","Great product","Arrived on launch day and after using it for a day, the iPhone 15 is AMAZING. After almost 5 years it was finally time for me to upgrade from my iPhone XR. Set up was smooth and seamless, especially using iCloud to transfer data over.The display is greatly improved, and it gets a lot brighter which is helpful outdoors. The dynamic island works smoothly even on the standard model's 60Hz screen. This phone's cameras take highly detailed photos even without a dedicated telephoto lens. In terms o...","Vanshu  Customer","Certified Buyer","Jan, 2024","10","1"
"5","Worth every penny","awesome camera looks like Captured DSLR quality Sounds quality bestBattery backup is good not better and bestAbout performance i have no words","Abhishek Kumar","Certified Buyer","May, 2024","21","5"
"5","Terrific","Nice Colour","Rohit Pingale","Certified Buyer","Jan, 2024","13","2"
"5","Worth every penny","Superb... Shifted from Android to iPhone 15..classsüëç","Flipkart Customer","Certified Buyer","Oct, 2023","25","7"
"5","Awesome","Awesome phone ‚ù§Ô∏è","Ashish  Raj","Certified Buyer","Sep, 2023","27","8"
"5","Simply awesome","The photos clicked with the mobile just seems awesome and lively!!","Dipanjan  Saha","Certified Buyer","Sep, 2024","6","0"
"5","Awesome","Great phone except the battery, which isn't bad as well. Just not as good as other flagships","Flipkart Customer","Certified Buyer","Sep, 2024","6","0"
"5","Mind-blowing purchase","good one.","Aman Nur","Certified Buyer","Nov, 2023","5","0"
"5","Just wow!","This is an amazing phone and back side of phone is frozen glass which makes it less prone to finger marks while holding. Till now enjoying it, will update with further details after a week.","Amitabh Srivastava","Certified Buyer","Sep, 2023","119","56"
"5","Does the job","Fully satisfied üëçüèª","Subhodeep Roy","Certified Buyer","Oct, 2023","39","14"
"","","","","","","",""
"5","Excellent","The phone is pretty awesome! Switching from android to ios. Smooth performance, amazing camera and battery backup so far is great. Worth it!","Manya Customer","Certified Buyer","Sep, 2023","24","7"
"5","Wonderful","Awsm.","Srasthanibedita  Swain","Certified Buyer","11 months ago","12","2"
"5","Perfect product!","Amazing product‚ù§Ô∏è‚ù§Ô∏èBest iPhone out of all the iPhone series","K.srinath Sri","Certified Buyer","Oct, 2023","12","2"
"5","Terrific purchase","Awasome Phone Awasome Cameraüêº........Rest is History Dudu","Sumitra Swain","Certified Buyer","Jun, 2024","46","18"
"4","Wonderful","Best phone i have ever used in terms of performance, photography and other features.","Shailesh choudhari","Certified Buyer","Feb, 2024","6","0"
"5","Perfect product!","iPhone 15 better than 16 ..","Yadav ajeet Yadav","Certified Buyer","10 months ago","9","1"
"5","Awesome","Amazing camera quality","Abhishek Yadav","Certified Buyer","Feb, 2024","9","1"
"5","Mind-blowing purchase","Awesome product","K Deepak","Certified Buyer","Dec, 2023","9","1"
"5","Mind-blowing purchase","I was looking for a compact phone as daily driver which has a good camera, performance, stability and especially display.. I was hesitant to move from Android to an IOS but yeah I won't regret.. I loved the camera, Loved the display, phone is handy, can use it in one hand, clean software (ofcourse). I love how Apple has given importance to the privacy and security of the user and their devices too. Have been using it regularly with a 6-9 hours of screentime and the battery lasts for more than...","Ijas S","Certified Buyer","Sep, 2024","11","2"
"5","Excellent","Excellent","Sudip Mandal","Certified Buyer","Feb, 2024","11","2"
"","","","","","","",""
"5","Excellent","Upgraded from iPhone 11, The camera quality is awesomeThe display quality is great and the dynamic island working perfectlyHappy with Apple and Flipkart","Mohd Hasnain","Certified Buyer","Oct, 2023","11","2"
"5","Wonderful","Pros48MP Camera With 2x Zoom. Dynamic Island. USB-C Port. Superb Design and Premium Build. ConsOnly 60Hz Display Refresh Rate. Slow Charging. No Action Button. No Always-on Display. Rating Camera - 4.5/5 Battery - 4/5 Performance - 4.5/5 Charging - 4/5 Display - 4/5 Design and Build - 4.5/5 Sound - 4/5 Software - 4.5/5 Value For Money - 4/5 Overall Experience - 4.5/5Hit Like üëç Button If This Review Really Helps You.","Arman Ali","Certified Buyer","Oct, 2023","78","39"
"5","Super!","v v good","Harpreet Singh","Certified Buyer","Sep, 2023","92","48"
"4","Wonderful","iPhone 15 impresses with sleek design, powerful performance, and stunning camera upgrades. A technological leap forward, delivering a top-tier experience. üòçüòäüëç","Nasir Uddin Sheikh","Certified Buyer","Nov, 2023","40","16"
"3","Nice","Not giving a fast refresh rate is really a bad idea.Shame on you apple...with this range of phone this kind of average feature should have been given.","Gaurav Verma","Certified Buyer","Feb, 2024","10","0"
"5","Great product","Awesome quality","Vipul  Kumar singh","Certified Buyer","Nov, 2023","13","3"
"5","Must buy!","I am so happy....","Oindrila  Chatterjee","Certified Buyer","11 months ago","23","8"
"5","Best in the market!","A fantastic product. I was an iPhone 13 user I have upgraded to this. Brilliant display. I can see a great difference in battery backup. I can also say that the Dynamic Island helps in UI to the users. Looks premium. Price range might drop in a year. Thanks for Flipkart sale days.","Sachinaaaa","Certified Buyer","Jan, 2024","15","4"
"5","Brilliant","I just loved it üòçThank you so much ‚ù§Ô∏è","Jayanth K B","Certified Buyer","Oct, 2023","15","4"
"5","Mind-blowing purchase","Very good. Happy with the product. Camera quality and performance is amazing.","Raghupathireddy Paindla","Certified Buyer","Sep, 2023","21","7"
"","","","","","","",""
"4","Nice product","I have been an Android phone user since  ever, until now.The matte frosting on the back is marvelous and doesn't attract fingerprints or smudges.I love the form factor as it's one hand friendly.For better gaming experience users should opt for the plus size.The screen is great with excellent outdoor visibility. The battery life is crazy good especially the standby time. Barely sips anything overnight. I am using an Android fast charger to charge this and the charging time is decent, no is...","mohit raj","Certified Buyer","Feb, 2024","22","7"
"5","Worth every penny","Fantastic ‚ù§Ô∏è","Ashwani Kumar","Certified Buyer","9 months ago","5","0"
"5","Terrific","Good stuff.. bss thora battery cazual hai üíÄ","Flipkart Customer","Certified Buyer","Apr, 2024","5","0"
"5","Awesome","Nice just heat issue","Sadiya  Sadi","Certified Buyer","Sep, 2024","8","1"
"5","Excellent","Goood phone","Flipkart Customer","Certified Buyer","May, 2024","8","1"
"5","Highly recommended","Awesome battery backup. Best lowlight camera .","Saswata Dash","Certified Buyer","Mar, 2024","8","1"
"5","Wonderful","SUPER 12 MINI TO 15 üòçüòçüòç","shanavas vn","Certified Buyer","Nov, 2023","8","1"
"5","Terrific purchase","My Experience from January to till date was awesome, it gives you best performance in any features than other iPhones.","Vikas Pathade","Certified Buyer","Apr, 2024","9","2"
"3","Just okay","Design and performance is good. But somehow I felt the quality and standard is not the same as it used to be. It does heat up while charging and prolonged usage. This is unexpected and unacceptable. Also there are connectivity issues with Apple CarPlay.","Mohammad Amir","Certified Buyer","Nov, 2023","22","3"
"5","Wonderful","Nice productBest phone üì±","Shivam  Maurya","Certified Buyer","Jan, 2024","16","5"
"","","","","","","",""
"5","Terrific purchase","Excellent!!!","santosh  parida","Certified Buyer","Mar, 2024","12","3"
"5","Mind-blowing purchase","Marvellous camera. Light weight. Perfect handy. Used every pro version before 15. But trust me . I personally feel this 15 is at par with its pro version camera .","Dr Babu  Mandal","Certified Buyer","Feb, 2024","12","3"
"5","Fabulous!","Overall same","Gulshan  Ahmed","Certified Buyer","Jan, 2024","12","2"
"5","Mind-blowing purchase","Awesome experience entering the apple ecosystem, below are some of the pros and cons Pros~2) camera is awesome and clicks good photos even in daylight and night3) size is perfect and easy to handle4) Apple ecosystem is the best5) battery charging rate is good and not too slow, and battery backup is also lasting 1 day for a normal usage.6) Dynamic Island is the best upgrade from 14.7) texture and phone build quality has improved a lotCons~1) sometimes phone gets heated but that is ma...","Dhruv M Golwala","Certified Buyer","Apr, 2024","26","11"
"5","Awesome..","Best in class Device, Apple never ceases to Amaze customers. Lightweight and sleek look. Matte back finish helps with a fine grip.","Rajveer Singh","Certified Buyer","Sep, 2023","54","31"
"5","Worth every penny","Great product,must buy if you are iPhone lovers","Baban Dey","Certified Buyer","Sep, 2024","7","1"
"5","Great product","Best photo for iPhone 15","MONIRUL MOLLA","Certified Buyer","Feb, 2024","7","1"
"5","Must buy!","This is my first iPhone . Bought it from flipkart and flipkart never disappoints me. Bought it during Republic Day sale and got a really good deal. Thank You Flipkart","Srimanti Dutta","Certified Buyer","Feb, 2024","7","1"
"5","Excellent","Awesome experience. thanks to flipkart","Yadu krishnan","Certified Buyer","Oct, 2023","17","7"
"5","Wonderful","Nice device!","Sayan Ray","Certified Buyer","Jan, 2024","11","3"
"","","","","","","",""
"5","Perfect product!","I bought at 53k for my Father.. He really liked the phone. Best phone at this price range.Camera : 5/5Display : 5/5Battery : 4/5Performance : 5/5Only cons is that it still comes with 60Hz display and battery does not last long.","Flipkart Customer","Certified Buyer","Sep, 2024","9","1"
"5","Best in the market!","SpeechlessSo Beautiful So Elegant Just Looking Like Of Wowü•∞üòÄüòúI Upgrde iPhone 12 To IPhone 15","Kishan  Behera","Certified Buyer","Dec, 2023","9","2"
"5","Terrific","Mind blowing purchase, I received the right item. Thank you Flipkart.If telling about iPhone its value for moneyGreat camera and video. 5/5Display 5/5Sound and heroics 5/5 Overall good.","Mohamed Suheb","Certified Buyer","Feb, 2024","21","9"
"5","Mind-blowing purchase","Gud product","MOHAMMAD SHAHNAWAZ","Certified Buyer","Sep, 2023","56","34"
"4","Delightful","Just luking like a aww","Vikash Kumar","Certified Buyer","Jan, 2024","9","2"
"5","Super!","One year use 90% battery ü™´ health decreased.iam never üëé updating software upgrades sound quality the best ever camera üì∑  outdoor camera quality bestIndoor full darkness handling very well nice weight management","Arun Babu","Certified Buyer","2 months ago","4","0"
"5","Terrific purchase","Kidney to gya One kidney for i phone And one for i phone accessories","Mithilesh Kumar  Sharma","Certified Buyer","4 months ago","4","0"
"5","Great product","Very nice work i phone 15 photos amazing nice camera phone","Vikas Soglan","Certified Buyer","10 months ago","4","0"
"5","Worth every penny","Nice photography Camera good But telephone lense missing Speaker Quality good but call Speaker not as good as compare to samsung S series device. Display above average as compare to samsung .Performance good","Ashwani kumar","Certified Buyer","10 months ago","4","0"
"5","Highly recommended","Good product (value for money) terms are not suitable for this type of product because a huge amount for any middle class Indian tex payer person ‚ù§Ô∏è","Malay Singha","Certified Buyer","Sep, 2024","4","0"
"","","","","","","",""
"5","Mind-blowing purchase","If you aree happy...... if you are feeling good......then nothing else mattersüòçü§óüôè","Gayatri Godara","Certified Buyer","Sep, 2024","4","0"
"5","Simply awesome","Good over","ALIM  Khan","Certified Buyer","Sep, 2024","4","0"
"5","Best in the market!","Camera quality is superb and battery backup also.","Rahul Sharma","Certified Buyer","May, 2024","4","0"
"5","Terrific","Nice prod","Deepak  Meena","Certified Buyer","Apr, 2024","3","0"
"5","Must buy!","Great camera quality üòçüòç","Ravi Gangrale","Certified Buyer","Apr, 2024","4","0"
"5","Best in the market!","Awesome Phone with awesome camera. Updated from iphone 13 to 15 I love this.","Bhupesh Pant","Certified Buyer","Apr, 2024","3","0"
"5","Best in the market!","Beautiful camera and also updated features for iPhone 15.","Raghava Karthik","Certified Buyer","Feb, 2024","4","0"
"5","Brilliant","Great device The 60hz is not a big deal like the influencers says that it is.","Leo Jonas Doyom","Certified Buyer","Feb, 2024","4","0"
"5","Simply awesome","Happy üòä","Aditya  Arya","Certified Buyer","Jan, 2024","4","0"
"5","Just wow!","Camera is good","Munish  Choudhary","Certified Buyer","Jan, 2024","4","0"
"","","","","","","",""
"5","Super!","Super","neeraj gour","Certified Buyer","Jan, 2024","4","0"
"5","Super!","The product is good, the battery is decent and there are no heating issues as public mentioned before buying this. Sound quality is amazing and no need speaker Display and picture quality like theatre experience. Small screen but lot of wonders","Priya  Mm","Certified Buyer","Dec, 2023","4","0"
"5","Awesome","Awsm üòçüòç","NOOR ALAM","Certified Buyer","Jan, 2024","12","4"
"5","Must buy!","Good üëç my 2nd i phone","G MOHAMMED SALEEM","Certified Buyer","May, 2024","15","6"
"4","Nice product","Good phone but display 60 hz very slow in 2023","Sushobhit Meena","Certified Buyer","Sep, 2023","30","16"
"5","Simply awesome","You have to charge it 3 times atleast if you use it as a primary phoneOtherwise the phone is yoo","Rohit Semwal","Certified Buyer","Jun, 2024","6","0"
"5","Highly recommended","Black one is classy. Photos are much better than 13","Shrikant Panigrahi","Certified Buyer","Feb, 2024","6","1"
"5","Awesome","Apple iPhone 15 blue 128GB GOOD MOBILE  phone Name Aarif khan Alwar Rajasthan Indian","Aarif  Khan","Certified Buyer","Dec, 2023","38","26"
"4","Really Nice","Worth Varma","Vishnu  Belamana","Certified Buyer","Apr, 2024","6","1"
"5","Wonderful","This is undoubtedly the best in the market! Feels premium and also the performance is at par excellence! A beast in terms of camera quality and battery backup!","Utpal  Mondal","Certified Buyer","Sep, 2023","15","6"
"","","","","","","",""
"3","Just okay","After 4+ months.Cons:1. Still heats eats up a lot!!!2. Wifi connection is very poor in this model, it fails to connect most of the time automatically where I manually need to search and join the wifi and then again it automatically disconnects. I have an iPad air which works fine, maybe it's a range issue.3. My keyboard switches automatically from Microsoft SwiftKey to stock ios keyboard. Idk what's the issue??4. Need to switch to airplane mode after going out from the wifi range otherwi...","Ogam  Tayeng","Certified Buyer","Sep, 2024","12","2"
"3","Nice","Why the apple does not work on battery backupIts really worst. according to price battery backup is very bad you need to charge 2 times for a days.Even 6k 7k price phone gives awesome battery life.","Akash  Khabale","Certified Buyer","Sep, 2024","13","2"
"4","Wonderful","Its good but its bad in battery  condition and its has heating issue.This mobile is not for heavy mobile user like This is ok for professional person. This is for avarage mobile userWho have this mindset (brand and society remarks are important )So go for üçéOtherwise there are lot of mobiles available with adavance thecnology and with comfortable and better user interface","kantu  G K","Certified Buyer","Sep, 2024","24","14"
"3","Just okay","To,Dear Flipkart Team, I hope this email finds you well. I am writing to bring to your attention an issue I encountered during my recent access to Urly on 25th September 2024 through my Plus membership. On the night of 25th September, I eagerly awaited the bigbillion sale and placed an order for an iPhone 15 using my HDFC credit card. However, despite multiple attempts, the order did not go through. I eventually made the full payment via Google Pay, but noticed discrepancies in the amount ch...","ATHAR  faisal","Certified Buyer","Sep, 2024","6","0"
"3","Horrible","Mobile heats a lot and battery drain fast","Charan","Certified Buyer","Mar, 2024","6","0"
"5","Perfect product!","It was on republic sale. I got value for money.Piece is genuine.Camera is best with 48 MP primary lens.Performance is very good.There are some restrictions otherwise it is very good.","Hardik Chaudhary","Certified Buyer","Feb, 2024","7","2"
"5","Awesome","Nice","Flipkart Customer","Certified Buyer","Jan, 2024","7","2"
"5","Must buy!","Good","Durga prasad","Certified Buyer","Dec, 2023","7","2"
"5","Just wow!","Great purchase and fantastic design and camera. Battery could be better but overall good Phone.","Vicky  Rathore","Certified Buyer","3 months ago","3","0"
"5","Awesome","Nice product very good delivery","dilshad  ali","Certified Buyer","3 months ago","3","0"
"","","","","","","",""
"5","Awesome","I'm reviewing this after 7-8 months the best quality in everything","Akash  Sonkar","Certified Buyer","4 months ago","3","0"
"5","Must buy!","This phone are not only for show off, these are the real master peice for content creators and reels creators, All or good but camara will nailed it,the one and only negative is battery. That's all thankyou üëç","Anbu natarajan S","Certified Buyer","4 months ago","3","0"
"5","Classy product","Purchased in 2024 Superb Camera Awesome display Good battery Worth it","Nawab Sharique Ali","Certified Buyer","4 months ago","3","0"
"5","Fabulous!","Best purchase.","Varindra Sahu","Certified Buyer","9 months ago","3","0"
"5","Excellent","All is well, but battery health is draining very fast.","Abhishek Prajapati","Certified Buyer","10 months ago","3","0"
"5","Just wow!","Mobile is good, battery is drain fast 1 day 2 time charging,I am heavy user, but still good","seetha Ram","Certified Buyer","Nov, 2024","3","0"
"5","Super!","Only using this for few days here are my pro and cons Pro 1. Form factor is very nice small design2. Battery life is really good easily 1 day with heavy usage3. Camera quality is really insaneCons 1. Charging takes too much time 2. 60hz display although once you get used to its not much of an issue3. Some times phone gets hot","Flipkart Customer","Certified Buyer","Nov, 2024","3","0"
"5","Worth every penny","A very good product and also loved it","Flipkart Customer","Certified Buyer","Nov, 2024","3","0"
"5","Awesome","Camera : 9/10Battery : 8/10Display : 10/10Design : 10/10Performance: 10/10Heating: depends upon tasking Speaker: 10/10 (bass is loud)Overall : 9/10Go for it.","Divyanshu Kumar","Certified Buyer","Nov, 2024","3","0"
"5","Brilliant","Probably best phone to buy under 53k Overall good balanced phone Being a ios device it'll never give you the fun of an Android device. Buy only if you want it for professional reasons","Flipkart Customer","Certified Buyer","Oct, 2024","3","0"
"","","","","","","",""
"5","Best in the market!","Battery only drain fastBattery health 98 at two monthBut worth","Abi Yuvan","Certified Buyer","Oct, 2024","3","0"
"5","Worth every penny","Design The iPhone 15 has a satin-finished design and a durable glass panel on the front.Dynamic Island The Dynamic Island helps with multitasking.IP68 ingress protection The iPhone 15 can withstand being submerged in up to 6 meters of fresh water for 30 minutes.Stereo speakers The iPhone 15's stereo speakers are loud and have good sound quality. The battery life is lower than expected draining very fast and as usual heating issues there.","jagabandhu jena","Certified Buyer","Oct, 2024","3","0"
"5","Simply awesome","Everything is awesome! Great phone..","Adhitya Ramakrishnan","Certified Buyer","Oct, 2024","3","0"
"5","Wonderful","Nice phone","Satyam Singh","Certified Buyer","Sep, 2024","3","0"
"5","Simply awesome","This is the first time I've purchased iphone and it's great.Performance, speed and the feature is good and new update of the IOS having great feature and customizations in the UI.","Atul kumar Soni","Certified Buyer","Aug, 2024","3","0"
"5","Simply awesome","Awesomeness Cellphone. This is my first IOS and the experience is fantastic I am loving it. The videography is to next level. Very Happy.","Akash  Banik","Certified Buyer","Jul, 2024","3","0"
"5","Must buy!","Very nice iPhone 15, very good quality, very nice display. Very nice camera, thanks.","Santhosh Bachu","Certified Buyer","Jun, 2024","3","0"
"5","Terrific","Nice product...camera is awesome....also light weight","pankaj singh","Certified Buyer","Jun, 2024","3","0"
"5","Wonderful","Awesome experience in my opinion. I am first time iPhone user. And can say:-Camera: 10/10Performance: 10/10Display: 10/10Battery: 8/10","Gaurav Kumar","Certified Buyer","May, 2024","3","0"
"5","Terrific purchase","Awesome phone, thanks to Flipkart for quick delivery. This is my 1st iOS experience so very excited .","Bhaskar Jyoti  Saikia","Certified Buyer","May, 2024","2","0"
"","","","","","","",""
"5","Excellent","Everything is fine but sometimes it unnecessarily heats up.","R K","Certified Buyer","May, 2024","2","0"
"5","Awesome","Upgraded from iPhone XS and it is really great!Display is very nice except the 60hzVolume is loudCameras are the best in the segmentNew frosted back glass is actually very good, feels premium to hold and does not get smudged easilyOverall a very nice package.","Soumya Ranjan Pradhan","Certified Buyer","May, 2024","3","0"
"5","Brilliant","NICE","Babul Ali","Certified Buyer","Apr, 2024","3","0"
"5","Terrific purchase","Nice product but battery üîã quality Bad","ANKIT ANAND","Certified Buyer","Apr, 2024","2","0"
"5","Fabulous!","Beast in that price range ‚öúÔ∏èüî•","Flipkart Customer","Certified Buyer","Mar, 2024","3","0"
"5","Awesome","-Wonderful performance-Camera quality is superb-battery backup not that good-sound quality is awesome","Flipkart Customer","Certified Buyer","Mar, 2024","2","0"
"5","Excellent","Best product...","Ritu Raj","Certified Buyer","Feb, 2024","3","0"
"5","Must buy!","Nice phone","mrityunjay kanwar","Certified Buyer","Feb, 2024","3","0"
"5","Best in the market!","Switched from Redmi 12 5G to Iphone 15 . It feels like I have never used Phone. Totally Worth It and the Feeling of using Iphone is Super Awesome.","Rupesh jha","Certified Buyer","Feb, 2024","3","0"
"5","Mind-blowing purchase","Nice prodouct thank you flipkart","PRAKASH MANDAL","Certified Buyer","Jan, 2024","3","0"
"","","","","","","",""
"5","Highly recommended","I love it","Manish  sinha","Certified Buyer","Jan, 2024","3","0"
"5","Terrific purchase","Switching Android to ios awesome experience,I just love it . And thanks Flipkart for open box delivery option.","SHUVAM DAS","Certified Buyer","Oct, 2023","3","0"
"5","Excellent","Nice phone ‚úåüèª","Flipkart Customer","Certified Buyer","10 months ago","5","1"
"5","Brilliant","What to say about iphoneüòÇIf you have money then buy it.","Sourajyoti  Malakar","Certified Buyer","Sep, 2024","5","1"
"5","Excellent","Am a Android User First Time Switching To IOS Really Its Awesome (iphone 15) Camera 5/5Battery 4/5Design 5/5Display 5/5Speaker 5/5","Vicky Krishna","Certified Buyer","May, 2024","4","1"
"5","Worth every penny","All are good üòä","MOBARAK SK","Certified Buyer","Mar, 2024","5","1"
"5","Just wow!","Excellent purchase battery life is good for medium usage but can get you through the whole day on single charge. Am just loving this phone","Himalaya  Panwar","Certified Buyer","Mar, 2024","5","1"
"5","Classy product","Initially I missed 120 Hz screen refresh rate after switching from Mi 11x pro to iphone15. It been a month using iPhone 15, accordingly to my experience, unless you want to purchase more apple products like Mac book, apple watch etc. it is not smart decision to buy iphone. But I surely appreciated it's small form factor and less weight. Battery backup is also good.","Flipkart Customer","Certified Buyer","Feb, 2024","5","1"
"5","Excellent","Awesome product and received an original product","Prashanth  Reddy","Certified Buyer","Jan, 2024","5","1"
"5","Super!","Awestruck by its performance üëå","KaryD","Certified Buyer","Sep, 2023","4","1"
"","","","","","","",""
"5","Just wow!","Far better than 15pro no finger print even with moisturize hands","Biswadeep Roy","Certified Buyer","Sep, 2023","21","13"
"5","Just wow!","The iPhone 15 features a 48-megapixel main camera sensorIt is powered by the A16 Bionic SoCThe iPhone 15 now comes with Dynamic I","Ashwani Mishra","Certified Buyer","Jun, 2024","8","3"
"5","Great product","The best one from appleüíô","Dev Sarda","Certified Buyer","Oct, 2023","8","3"
"5","Perfect product!","Amazing üòçüòçüòçüòçJust go and buy it blindly if you have enough of money","Venkat Ramana","Certified Buyer","Sep, 2023","7","3"
"4","Delightful","I bought this in big billion days in Flipkart, overall the pho","Ashbin paul Paul","Certified Buyer","3 months ago","3","0"
"4","Really Nice","Damn good","Sunil Choudhary","Certified Buyer","5 months ago","3","0"
"4","Very Good","‚ò∫Ô∏èAwesome must buy it I m really happy with iPhone 15 ‚ù§Ô∏èüòäü•πüòç","Megha bodhan","Certified Buyer","Jul, 2024","3","0"
"4","Nice product","Phone is good but if u already have an iPhone 12,13,14 then it's not worth upgrading, same design and similar performance except dynamic Island which I guarantee you will ever notice or use","Manoj negi","Certified Buyer","Jun, 2024","3","0"
"4","Wonderful","I phone is phone nothing but it's a brand that makes the cost. Better should be more improved. And it gives heat.","Motam Jamatia","Certified Buyer","Jun, 2024","3","0"
"4","Good quality product","Much faster and best camera only issue of battery one day easily use after full charge. Design Awesome ü§òüèª‚úåÔ∏è.best color in images and 4K with 60 fps is awesome.","Aalok Singh","Certified Buyer","May, 2024","3","0"
"","","","","","","",""
"4","Good quality product","Apple as usual. Eco system is great. Rest all are average for the price but I paid for the ecosystem","Shadab Lampsy","Certified Buyer","May, 2024","3","0"
"4","Unsatisfactory","Product is good. But worst delivery experience","Praveen sarwa","Certified Buyer","Mar, 2024","3","0"
"4","Good quality product","Overall performance is best.Good aesthetic and nice color. Only thing worries me that it gets really hot with increase of brightness and during 15 min video call..","Deepti Rankhambe","Certified Buyer","Feb, 2024","2","0"
"4","Worth the money","Phone is great.","Sandeep Mehta","Certified Buyer","Jan, 2024","2","0"
"4","Delightful","Love iphone 15","Kiran  Biswas","Certified Buyer","6 months ago","5","1"
"4","Wonderful","Well, there is a little bit of hitting issue there, not at charging but in general operations. From design perspective, dynamic island is horribly thick for a 6.1 screen. It could have been smarter if the look was a little bit slim. What stops apple to increase the battery capacity now a days is beyond explanation. The Chinese manufacturers has definitely done a phenomenal job in terms of both the battery and charging. There's no trade Off there, it's a success for them. In software, the comp...","Pinaki Ray","Certified Buyer","Apr, 2024","5","1"
"4","Nice product","Phone is good. Good battery backup , upgraded camera. But I feel refresh rate should be 90hz atleast.","Nalinakshya Sahoo","Certified Buyer","Jan, 2024","5","1"
"3","Just okay","The only thing I like about this phone is the camera quality and that is the reason I bought this phone.I already have an Android phone which is less than 50% of its price and still is better in every aspect except the camera.Well! Definitely, iphone 15 has a flagship level chipset but I am not a gamer and a normal user and I find mid rangers and flagship all perform at similar level in daily tasks.While iphone 15 only has 60hz screen which feels choppy, all other phones have 120-144hz scr...","Amit Tekriwal","Certified Buyer","Jan, 2024","21","6"
"3","Nice","Too much heat when camera used","Baljinder Singh","Certified Buyer","Sep, 2024","5","0"
"5","Just wow!","The best part of camera is cinematic video which is fabulous. Rest of the things are good, but cinematic mode is on next level, higher rate is missing which may hurt phone noise cancellation is on. Also next level. Some small small features which make sweet point to use and make it different from android efforts of making iOS and developing some sweet sweet things are appreciable and if you have MacBook or iPad, ecosystem work, fantastically the best things for this iPhone is much much better...","ANKIT kumar","Certified Buyer","May, 2024","6","2"
"","","","","","","",""
"5","Mind-blowing purchase","My mom gift","Naseer Ahmed","Certified Buyer","Feb, 2024","6","2"
"5","Classy product","awsm phone. best performance","Suman Chakraborty","Certified Buyer","Feb, 2024","6","2"
"5","Worth every penny","Very nice phone im happy very good üëç","Sabir Khan","Certified Buyer","Jan, 2024","6","2"
"5","Fabulous!","Very good product","anujyadav anuj","Certified Buyer","Sep, 2023","6","2"
"4","Value-for-money","Phone is good built lightweight,handy, camera good quality, display great phone is nice if love it's OS and can spend that much","Vishnu Singh","Certified Buyer","Mar, 2024","11","6"
"5","Great product","Overall Beast Performance üî•10/10 Just Go For It üòéüëç","Krupansh Patel","Certified Buyer","Oct, 2023","7","3"
"5","Must buy!","Very good","Naresh Soni","Certified Buyer","Sep, 2023","7","2"
"5","Terrific purchase","Execpt battery everything work awesome","Flipkart Customer","Certified Buyer","Oct, 2023","8","3"
"5","Must buy!","What a phone super performance with light weight. Please find my details review as follows. 1. Camera - camera is super with very gud quality photo even at night as well. 2. Battery - battery backup is fine and will last for one day long. 3. Performance - iphone 15 performance is super. No lagging and no heating issue. Cons-1. Battery could be better at this price range. 2. Face recognition is not good as not always open with face ID","Sudipto Sarkar","Certified Buyer","Feb, 2024","9","5"
"5","Perfect product!","First time experiencing I phone. It feels premium and quality is awesome love it ‚ù§Ô∏è‚ù§Ô∏è‚ù§Ô∏è","ABDUR RAHMAN","Certified Buyer","Sep, 2023","43","45"
"","","","","","","",""
"5","Classy product","Everything is good. Battery backup is hardly 6hrs will come while continuously usage. Camera is fantastic. In this iphone 60 hz refreshing rate is equals to 120hz refresh rate in android. Very light weight.","Pentakota Pavan","Certified Buyer","Nov, 2023","25","23"
"5","Great product","Nice product. The look of the phone is awesome üëå. Great to have the iphone black color.","Tekchand Biswal","Certified Buyer","Oct, 2023","31","31"
"3","Does the job","Camera very hard but phone heating üòíüòí","Flipkart Customer","Certified Buyer","Apr, 2024","7","1"
"4","Delightful","I have both galaxy s23 and iphone, galaxy is taking 9/10 good photos compared to iphone 7/10 photos. Iphone only shine on video.For better photo buy galaxy s23Better video go for iphone.","Santu Rana","Certified Buyer","Jun, 2024","8","4"
"4","Pretty good","I am an iphone user since long. I have bought this YELLOW colour. But really feel that apple should rethink and rename this colour as GOLDEN YELLOW, its edges are slightly on the Golden side as you can see in the pics. Additional feature as compare to iphone 13, this has Dynamic Island and camera is superb üëåüèª I am using it for 5 hrs daily, not facing any heating issue as such.","Dipin Kapoor","Certified Buyer","May, 2024","8","4"
"5","Mind-blowing purchase","I have moved from android to ios, iphone 15 is really a good device, fulfills all the basic things that needed at daily lifeJust a note for the battery consumption, it drains a bit fast","Kajal Yadav","Certified Buyer","Oct, 2024","4","1"
"5","Brilliant","Firstly I worried that Flipkart send duplicate or refurbished iPhone but I am wrong great shopping experience genuine product at reasonable price max discount rather than other online or offline platforms great deal with Flipkart I am impressed and obviously great product from Apple","SAURABH KUMAR","Certified Buyer","Jul, 2024","4","1"
"5","Excellent","Camera is best quality","vikash kumar","Certified Buyer","Jun, 2024","4","1"
"5","Excellent","Mind-blowing I love it Everything is greatttVery good battery backup, best camera, very good design.Update after using for 1 week: I legit have to charge my phone for 2times in a day else everything is great","Flipkart Customer","Certified Buyer","May, 2024","4","1"
"5","Wonderful","I recently purchased the iPhone 15 from Flipkart, and I'm thrilled with my experience. The sleek design and vibrant display are stunning, and the performance is top-notch with its powerful A16 Bionic chip. The camera quality is exceptional, capturing detailed and vivid photos even in low light. Battery life has been impressive, easily lasting a full day with heavy use. Flipkart's delivery was prompt, and the packaging was secure. Overall, I'm extremely satisfied with my purchase and would hig...","Jishnu  Samanta","Certified Buyer","May, 2024","4","1"
"","","","","","","",""
"5","Terrific purchase","Upgraded from Iphone 11. worth buying it. here are some pros and cons.Pros:1) Smooth, constant software update, 2)6 GB RAM,1 day easily sustainable battery life3) extremely helpful if you are in apple ecosystem.4) 48MP camera is really great if we compare  with my I Phone 11's 12 MP .Best video quality.5) don't go for 15 plus or pro model even if you have enough money. but 128 GB base model within 65000 RS and use that extra money to buy MacBook AIR or airpod 3rd GEN.CONS:1) 60HZ disp...","Amiya Roy","Certified Buyer","Apr, 2024","4","1"
"5","Worth every penny","All good in this n camera superb","Amish Kumar yadav","Certified Buyer","Apr, 2024","4","1"
"5","Simply awesome","Amazing Camera and battery","Vamshi Reddy","Certified Buyer","Feb, 2024","4","1"
"5","Best in the market!","Excellent product","Ashis Karamakar","Certified Buyer","Feb, 2024","3","1"
"5","Worth every penny","The product is good.Prize is excessive due to Apple branding only. Battery backup is not up to expectations. Flagship Titanium is lacking in it which is available in pro models only. At this price the screen should have been 6.8 inches at least.","Atul Rasyal","Certified Buyer","Jan, 2024","4","1"
"5","Perfect product!","I can say the 60hz doesn't feel 60hz it is very smooth and may be because of appleI was too worried about the 60 hz because I was switching from 120hz Android (realme GT master edition) to this one but after using iphone 15 I feel lags in my android 120hzBut I feel camera quality is avg but videography is next level Love the speakerQuality of display is just wowCharging is also quite good and battery backup is also awesomeI am getting 5-6 hr gameplay(free fire+bgmi) from 100% to 25% qui...","Abhisekh Kumar","Certified Buyer","Jan, 2024","4","1"
"5","Awesome","Click the pic is amazing.","SUMIT LOHIA","Certified Buyer","Jan, 2024","4","1"
"5","Simply awesome","Awesome.Camera too goodDisplay too goodBattery GoodFeels too good","Rahul Banerjee","Certified Buyer","Nov, 2023","4","1"
"5","Wonderful","Look and design very nice","Nitin Patil","Certified Buyer","Oct, 2023","4","1"
"3","Nice","Very BAD experience I'm extremely disappointed with my iOS experience after switching from Android. While the camera and display are outstanding, performance issues overshadowed these positives. Within two days, I encountered severe battery drain (only 4-5 hours) and overheating. Worse, the phone lags and becomes unbearably hot. These issues mar an otherwise great device.","Tarun Kumar","Certified Buyer","Oct, 2024","9","2"
"","","","","","","",""
"3","Decent product","ok","Flipkart Customer","Certified Buyer","Oct, 2023","9","2"
"4","Worth the money","Perfect one to upgrade Edit after 7 months : No diappointments , build quality good as this has undergone few hard falls . Underwater also good . Camera quality is awesome . Battery is always a issue but it is okay for a person uses 5-6 hours daily . Videos are also good in cinematic mode . Good update i bought it at 78k when launched . But Around 65 it is super deal to do at this time .","Mahipal Gariya","Certified Buyer","Oct, 2023","3","1"
"3","Fair","Almost  good but the battery is overheating i don't know why and it drained very quickly this is the one of the major issues in this phone otherwise all ok but not satisfied with the battery","Flipkart Customer","Certified Buyer","Sep, 2024","4","0"
"5","Awesome","Amazing phone But Now days Chapri people Drop apple's brand value.","vinay mohan som","Certified Buyer","Apr, 2024","5","2"
"5","Super!","Amazing. This is my second iphone after 11 pro.Used it for 3 days till now. No heating issue. While setting up the device/updating ios/transferring data - it didn't heat at all. Smooth experience. Best buy for 2024.","SOURAV NANDI","Certified Buyer","Jan, 2024","4","2"
"5","Awesome","Pros:1. Incredibly smart device this year2. iOS interface3. Data Privacy4. Premium build quality5. Dynamic Island6. Ecosystem benefits if you own other Apple devices7. Powerful processorCons:1. 60Hz refresh rate for a flagship (although not very noticeable)2. No improvements to Siri3. Expensive4. Low possibility of repair","Deepsayan Dam","Certified Buyer","Oct, 2023","5","2"
"5","Super!","Black colour is just awesome üî•üî•","Yash","Certified Buyer","Oct, 2023","9","6"
"4","Good quality product","A Mixed Bag of BrillianceThe iPhone 15 flaunts an impressive camera setup, capturing moments with exceptional clarity and detail. However, users may encounter heating issues post 80% charge, which could disrupt prolonged usage. Occasionally, screen touch glitches may hamper the otherwise seamless user experience. Despite these setbacks, the iPhone 15 excels in performance and features. The standout Dynamic Island feature enhances productivity and personalization. Overall, the iPhone 15 is a...","Kumar Patel","Certified Buyer","Jun, 2024","5","2"
"5","Best in the market!","Its first iPhone of my life, excellent performance, camera and display.Battery is good last for 5 hours to 6 house in daily uses.","MD Arbaaz patel","Certified Buyer","2 months ago","2","0"
"5","Just wow!","Very nice product üòÉ","Kulwinder Pal Singh Mahi","Certified Buyer","3 months ago","1","0"
"","","","","","","",""
"5","Fabulous!","Excellent phone","Aman Kumar","Certified Buyer","4 months ago","2","0"
"5","Excellent","Value for Money Product...","Tapas Chowdhury","Certified Buyer","4 months ago","2","0"
"5","Simply awesome","Good one!","Droonacharjya Chakraborty","Certified Buyer","4 months ago","2","0"
"5","Awesome","I am very happy with the sevice of Flipkart and  product was very good.thanks Flipkart","Zubair Khan","Certified Buyer","5 months ago","2","0"
"5","Fabulous!","Battery is decent and Display,performance and Camera top notch üî•üî•and overall value for money phone","Abhijit Das","Certified Buyer","9 months ago","2","0"
"5","Wonderful","Nice Camera Quality","Sourav Goswami","Certified Buyer","9 months ago","2","0"
"5","Must buy!","My first iPhone and just love it ‚ù§Ô∏è","Chandresh Kumar","Certified Buyer","10 months ago","2","0"
"5","Must buy!","Perfect upgrade from 13.. An incredible device that delivers everything I could want. The design is sleek and lightweight, with the new Dynamic Island feature. The camera is a standout, photos and videos look professional with excellent low-light performance and vibrant colors.The A16 Bionic chip ensures lightning-fast performance, whether I'm gaming, editing videos, or running multiple apps. Battery life is also impressive, easily lasting a full day with moderate use.","Aravind Ponugoti","Certified Buyer","11 months ago","2","0"
"5","Great product","Best iPhone upgrade after the iPhone 14. I got this in Big Billion Day Sale for 53k. I'm reviewing this phone after 3 months.The Camera and display quality is amazing. But I switched from a 120 Hz display android phone so it took me a while to adapt to this one.But looking at a overall scenario it is a decent phone with clean UI. I've been liking iOS now and will definitely upgrade to iOS in future.The battery is not upto the mark but it does the job pretty well.I liked the automations an...","Prashant Gupta","Certified Buyer","11 months ago","1","0"
"5","Perfect product!","All and all a beast!!!üî•üíØThe only thing which can be improved is battery üòï","Rishi Raj","Certified Buyer","11 months ago","2","0"
"","","","","","","",""
"5","Excellent","Good experience iPhone 15","Rahul Kumar","Certified Buyer","11 months ago","2","0"
"5","Classy product","Performance is very good üëå","Flipkart Customer","Certified Buyer","11 months ago","2","0"
"5","Awesome","i ‚ù§Ô∏è iphone ‚ù§Ô∏è‚ù§Ô∏è‚ù§Ô∏èüòçüòçüòç Thank You My Sister Gifted Flipkart..!!‚ù§Ô∏è‚ù§Ô∏è‚ù§Ô∏èüíìüíìü•∞ü•∞üòçüòçüòç","Dheeraj Parve","Certified Buyer","Nov, 2024","2","0"
"5","Terrific","Recently bought this phone and realized why Apple make the best phones in the world.One of the most beautiful purchase I ever made üíô","Teddy Bear","Certified Buyer","Nov, 2024","2","0"
"5","Highly recommended","Mashallah Great phone, last time braught  IPhone 12 for face unlock with mask, this is worth upgrade planning to keep at least 3 years, thank you team flipkart for great offer","Khajahusain Hebbal","Certified Buyer","Oct, 2024","1","0"
"5","Mind-blowing purchase","The iPhone 15 is simply amazing! The design is sleek, and the slightly curved edges make it feel great in the hand. The display is bright, sharp, and stunning, everything looks fantastic on it, whether watching videos or scrolling through photos. The camera upgrades are noticeable, especially in low light, and impressed by the level of detail in every shot.Performance is super smooth, with no lag even when running multiple apps.","Akassh Ambaade","Certified Buyer","Oct, 2024","2","0"
"5","Worth every penny","Thanks to flipkart service nice open box delivery.IPhone 15 performance is great and so smooth. üëçüëç","Sanjay Kumar Jain","Certified Buyer","Oct, 2024","2","0"
"5","Just wow!","At the time of sale it was the best deal for me , intented to buy pixel 8 but went for iphone 15 was really worth it . Performance user experience camera design is undoubtedly excellent the only drawback is the battery life , which sustains for only 6 7 hours and in daily life have to charge 2 times . As a flagship phone it could be a better but noting is perfect, without the battery issue in every aspect it is value for money.","Deb Neogi","Certified Buyer","Oct, 2024","2","0"
"5","Worth every penny","Great","Thakur Rakesh","Certified Buyer","Oct, 2024","1","0"
"5","Simply awesome","Nice phone for show off only otherwise use acche or saste phone hai market me","Anjali Sharma","Certified Buyer","Oct, 2024","2","0"
"","","","","","","",""
"5","Best in the market!","Great product and I would really recommend this device to anyone who wants to use a phone for a long time if Apple is making an expensive product then they will deliver a quality. I have been using the apple devices since 2009 till now. Awesome experience thanks to Apple. üçé","Divya","Certified Buyer","Oct, 2024","2","0"
"5","Mind-blowing purchase","Fully satisfied using iphone‚ù§Ô∏èBut battery drains fast as compared to any other phone..","subhabrata paul","Certified Buyer","Oct, 2024","2","0"
"5","Excellent","In 51500, it's the best option","Flipkart Customer","Certified Buyer","Oct, 2024","2","0"
"5","Simply awesome","Very good","Gajendra  Singh","Certified Buyer","Oct, 2024","2","0"
"5","Worth every penny","Awesome üëåüëåüëåüëåüëå","Aryan Gupta","Certified Buyer","Oct, 2024","2","0"
"5","Awesome","Nice product but poor packaging from flipkart","Anil Kumar","Certified Buyer","Sep, 2024","2","0"
"5","Perfect product!","I phone 15 amezing phone üì± i am very happy for buy this phone... amezing feature cemara supp","Mr. Kadir","Certified Buyer","Sep, 2024","1","0"
"5","Classy product","Amazing ‚òëÔ∏èüí•","Chandan Deka","Certified Buyer","Sep, 2024","2","0"
"5","Highly recommended","Only one word GREAT GREAT GREATER","Flipkart Customer","Certified Buyer","Sep, 2024","2","0"
"5","Great product","Go the best deal on Flipkart.ü§©Thanks Flipkart team for such offers. ,,,‚úåüèª‚ù§Ô∏è","Flipkart Customer","Certified Buyer","Sep, 2024","2","0"
"","","","","","","",""
"5","Wonderful","Best phone","Anubhav baliyan","Certified Buyer","Sep, 2024","1","0"
"5","Wonderful","Switched from Android to iOS, it was such a smooth experience.","shivam singh","Certified Buyer","Sep, 2024","1","0"
"5","Simply awesome","Loved it","Dr Anita jadhav","Certified Buyer","Sep, 2024","2","0"
"5","Must buy!","Best camera ever for photos","Parvindar  Singh","Certified Buyer","Sep, 2024","2","0"
"5","Super!","Originally product like store,no difference,I had check in apple website all thing is like store or shop.And 5000 save money,thank you Flipkart","Ataur  Rahaman","Certified Buyer","Sep, 2024","2","0"
"5","Awesome","Great product from apple thank u apple team 1. Camer- great 2. Display- fantastic 3. Performance- next level 4. Battery- super 5. Design- great","Suresh J","Certified Buyer","Sep, 2024","1","0"
"5","Must buy!","Best","Varun giri","Certified Buyer","Aug, 2024","2","0"
"5","Worth every penny","Excellent!","Yuvraj Singh","Certified Buyer","Aug, 2024","2","0"
"5","Terrific purchase","I have used iPhone for 20 days already and it was a great experience with Flipkart including purchase of iPhone with replacement of old phone was pretty smooth. The phone is awesome and since its iPhone it doesn't require any review.","Dhiraj  Singh","Certified Buyer","Aug, 2024","2","0"
"5","Mind-blowing purchase","Awesome Deal!!! Best camera!!!","Sanzeed Aman","Certified Buyer","Aug, 2024","2","0"
"","","","","","","",""
"5","Great product","Product is very good. Looking nice. I will recommend not to use without a cover because it  slips from hand.","BIKRAM SWAIN","Certified Buyer","Jul, 2024","2","0"
"5","Perfect product!","Excellent Device.... üî•üî•Camera (PORTRAIT) NEXT LEVELüî•üî•Performance üî•Battery üî•I just loved it üòç‚ù£Ô∏èWORTH IT üëåüëå","Flipkart Customer","Certified Buyer","Jul, 2024","2","0"
"5","Super!","Awesome phone, camera‚úÖ, build‚úÖ, battery lasts 1 day easily‚úÖ, overall met my expectationsüòä","Prajwal Suryan","Certified Buyer","Jul, 2024","2","0"
"5","Highly recommended","Amazing Camera and Nice Colour...","Sahaj Modi","Certified Buyer","Jul, 2024","2","0"
"5","Best iPhone","It is the best iPhone that I have ever seen after iPhone 13, Its camera quality is so amazing. Especially, HIEF MAX mode. Its bes iPhone after 15 pro.","Amit Srivastava","Certified Buyer","Jul, 2024","2","0"
"5","Mind-blowing purchase","Awesome ü´∞ As a first time ios user, I literally think it's one of the best deal!Nonetheless as Android-flagship becoming more expensive these days, still ios doesn't match the fluidity provided by Android. One very promising I've seen so far using iPhone is that battery last longer than i expected with high security. It's like pay per view authenticity one can appreciate using iPhone. If you can match the trend set in ios you may go for it but if you don't stick with your android. People m...","John Fanai","Certified Buyer","Jun, 2024","1","0"
"5","Must buy!","I am very happy to buy it because its camera is very good and its performance is also very good, its features are also very good and will never make you bored. üòç","Md Nisar Ansari","Certified Buyer","Jun, 2024","2","0"
"5","Just wow!","Bought 256gb green variant üòç,new to iosIOS is very fluid and smoothDesign is awesome, i took green its looking better in hand than other colours and dynmaic island adds to it.No heatings issuesPerfromance is goodCharges faster than pixelCamera and Video recording is very goodComing from pixel 7a where pixel is one of worst device out there having bad charging, worst battery backup even heats up in normal usage in our country.","Ranjith kumar","Certified Buyer","Jun, 2024","2","0"
"5","Excellent","Worth every penny .. Confused between pixel and iPhone but no regrets to buy an iPhone","Divyanshu Singh","Certified Buyer","Jun, 2024","2","0"
"5","Just wow!","Bought it from flipkart, as I was getting the best price here!","RubaL Pasricha","Certified Buyer","Jun, 2024","2","0"
"","","","","","","",""
"5","Simply awesome","Good üëç","Rahul Yadav","Certified Buyer","May, 2024","1","0"
"5","Worth every penny","The iPhone 15 excels in design, performance, and camera capabilities. Its sleek build with new color options, combined with a stunning Super Retina XDR display featuring ProMotion technology, offers a visually delightful experience. The A16 Bionic chip ensures fast, efficient performance, while the 48MP main camera and enhanced low-light capabilities deliver exceptional photos and videos. Battery life is robust, easily lasting a full day of heavy use, and iOS 17 introduces useful new features...","Md Rehan Reza","Certified Buyer","May, 2024","2","0"
"5","Perfect product!","This is my first iPhone. Experience is very good as of now. For me I have to work with excel and word most of the time and there is no MS office because iPhone has its own version of Office which is a bit different.Camera and battery both are good. Look is so premium.","Diwakar Mahato","Certified Buyer","May, 2024","2","0"
"5","Super!","The best in class iphone. Many people may mock iPhone, but everyone have to accept that iPhone has the best in class features and technology. It is obviously not fair to compare iPhone and android because each have its own pros and cons. Seeing the features that iPhone provide at this price point is really of premium level and I am pretty sure you are gonna enjoy using this awesome device.Speaking about specs, iPhone 15 has the best camera till date, the best display, awesome battery managem...","Syed Intekhab  Hussain","Certified Buyer","May, 2024","2","0"
"5","Must buy!","I appreciate that the iPhone 15 has turned its weakest aspect, the dynamic range, into one of its strongest features. However, the 60 Hz display bothers me daily. It's not that a 60 Hz display is inherently bad, but after spending so much on a phone in 2024, not getting a smooth display experience is disappointing. This makes it the most expensive phone with a 60 Hz display. Apart from that, everything else is superb.","Barsha  Karmakar","Certified Buyer","May, 2024","2","0"
"5","Must buy!","The person to whom it's gifted says that everything is  great. Hope it was a little cheaper and more affordable.","Tushar Sankhe","Certified Buyer","May, 2024","1","0"
"5","Must buy!","I love the product üòç and the delivery person also and adding camera photos","Abhishek Bhatia","Certified Buyer","May, 2024","2","0"
"5","Best in the market!","super üëåüëåüëåüëåüëå","Deepak Kumar yadav","Certified Buyer","May, 2024","2","0"
"5","Great product","Just go for it ü´†","Flipkart Customer","Certified Buyer","May, 2024","2","0"
"5","Wonderful","Camera and display both are good üòç","Rohan singh rajput","Certified Buyer","May, 2024","2","0"
"","","","","","","",""
"","","","","","","",""
"5","Perfect product!","Very good deal and fastest delivery in next day.","Inderjit Singh","Certified Buyer","Feb, 2024","2","0"
"5","Terrific purchase","Nice","Flipkart Customer","Certified Buyer","Feb, 2024","2","0"
"5","Best in the market!","Nice product","CHAUHAN  GOVINDSINH","Certified Buyer","Feb, 2024","1","0"
"5","Great product","Very nice phone the camera was too good I luv it","Suman Lama","Certified Buyer","Feb, 2024","2","0"
"5","Perfect product!","Nice","Satyam Kumar","Certified Buyer","Feb, 2024","2","0"
"5","Best in the market!","Fast Reliable Beautiful","Abhi Srivastava","Certified Buyer","Feb, 2024","2","0"
"5","Worth every penny","It's good to be transfer iphone 11 to 15 and best experience ever.","Mayur Mahajan","Certified Buyer","Jan, 2024","2","0"
"5","Perfect product!","Fabulous!!!","raj  khan","Certified Buyer","Jan, 2024","2","0"
"5","Best in the market!","The camera is so beautiful and it takes good pics in portrait mode here are some sample pics","sai  viswanath","Certified Buyer","Jan, 2024","2","0"
"5","Just wow!","Just take it without asking anyone,","Sumit samal","Certified Buyer","Jan, 2024","1","0"
"","","","","","","",""
"5","Mind-blowing purchase","Camera is a major upgrade over previous models. If you have 12 or older you can upgrade to 15 without thinking","Navin Srivastava","Certified Buyer","Jan, 2024","2","0"
"5","Brilliant","Back to iPhone family from android, best upgrade phone. Fully satisfied with the design and the performance. Minimum 10hrs of battery on single charge (12hrs in low power mode). No lags and even it charges very fast up to 80% which is decent.","Ajay G","Certified Buyer","Jan, 2024","2","0"
"5","Great product","Great phone , worth the money","Sagar Dhiryan","Certified Buyer","Jan, 2024","2","0"
"5","Best in the market!","BEST camera and performance,","Flipkart Customer","Certified Buyer","Jan, 2024","2","0"
"5","Fabulous!","Absolutely Amazing!Premium matte body!","Akshat Kumar Anshu","Certified Buyer","Oct, 2023","2","0"
"5","Worth every penny","Just wowBuy it now","Prisca Fernandes","Certified Buyer","Oct, 2023","2","0"
"5","Brilliant","Best phone nice camera and performance","Ritesh Kumar","Certified Buyer","Oct, 2023","2","0"
"5","Brilliant","Excellent","Flipkart Customer","Certified Buyer","Oct, 2023","2","0"
"4","Delightful","Battery Health Dropped to 85% in 6 months. Rest everything is ok.","Harit Madan","Certified Buyer","5 months ago","2","0"
"4","Value-for-money","While iPhones are superior to other brands, the battery life can be disappointing for heavy user, and the display size isn't the best for gaming.Nevertheless, they're worth buying.","Rahul Rajput","Certified Buyer","6 months ago","2","0"
"","","","","","","",""
"4","Really Nice","Apple should give charger with every device ü§¨","Kunal  Kaliwar","Certified Buyer","11 months ago","2","0"
"4","Very Good","Superb in performance but the battery backup is soo poor at 70k","Sanat Ahir","Certified Buyer","Oct, 2024","2","0"
"4","Nice product","Everything is good but battery drops in a half day it means you need to charge 2 times in a day. Battery drops very fast. Apple should improve battery performance.","Ajay Yadav","Certified Buyer","Oct, 2024","2","0"
"4","Pretty good","All is good but hit too much so don't ignore","Ravi Kashyap","Certified Buyer","Oct, 2024","2","0"
"4","Good quality product","The phone is pretty good in terms of camera.  However, those who have used 120hz premium display phones will find the display experience to be bad.","Zeyarul Sk","Certified Buyer","Oct, 2024","2","0"
"4","Delightful","Satisfied","Prakash M","Certified Buyer","Sep, 2024","2","0"
"4","Very Good","Iphones are always best Dual sim feature should also come","Shraddha  Patel","Certified Buyer","Sep, 2024","2","0"
"4","Delightful","Best in the budget","Rahul P","Certified Buyer","Sep, 2024","2","0"
"4","Delightful","Picture quality was awesome.","Babita Patel","Certified Buyer","Aug, 2024","2","0"
"4","Nice product","The only hitting issue is there. If that will resolve then this phone will be the masterpiece.","Bhavesh Solanki","Certified Buyer","Aug, 2024","2","0"
"","","","","","","",""
"4","Good choice","Battery is a little concern","Praveen SuryaTeja Allamboina","Certified Buyer","Jul, 2024","2","0"
"4","Good choice","Awesome pics by iphone 15. Love itüòçüòç","Shikha Srivastava","Certified Buyer","Jun, 2024","2","0"
"4","Wonderful","Heating issue but overall good phone","Vinayraje Urs","Certified Buyer","Apr, 2024","2","0"
"4","Wonderful","Actually phone is very good this is my first iPhone i found heating at back panel at normal usage also, it should be fixed asap because giving 80k for premium feel and still not feels worthy after heating, it gains heat very fast and cools down too but due to heat battery drop is very fast .","Israr Ahmad","Certified Buyer","Mar, 2024","1","0"
"4","Worth the money","Overall good","Narasmhamvenkata Bikkavilli","Certified Buyer","Mar, 2024","2","0"
"4","Wonderful","Nice product but the heating issue n battery can be improved","ANUBHAV  CHAUHAN","Certified Buyer","Mar, 2024","1","0"
"4","Really Nice","Photo Quality is Excellent But Battery performance and Heat issue","Sunil Kumar Meena","Certified Buyer","Mar, 2024","1","0"
"4","Nice product","Good product","Priyanka  Yadav","Certified Buyer","Feb, 2024","1","0"
"4","Very Good","Value for money.","prasad adavikolanu","Certified Buyer","Oct, 2023","2","0"
"5","Best in the market!","Awesome phone üì±","Amardeep Raghwani","Certified Buyer","Oct, 2023","7","5"
"","","","","","","",""
"5","Highly recommended","A great phone with quality display 60Hz, average to good battery backup, speaker same as 14, camera is very good in this segment, performance toooo good for this compact sized phone almost never heated much except for charging and bgmi though normal for every phone. Dynamic island animations are great though not a fan of it still better than notch. And design is amazing very premium.","Saikat Das","Certified Buyer","Oct, 2023","6","4"
"5","Great product","Nice camera first of all then battery is also very decent although the Mah is low but the optimisation of phone is very good with the battery so handy and classy ,also the calling quality and speakers are too good.","Mayank Varshney","Certified Buyer","Apr, 2024","5","3"
"5","Simply awesome","Just Awesome ‚ù§Ô∏è- Was bit skeptical about 60Hz but it feels extremely smooth.- No heating issues at all. - Camera quality is also good.- Overall nice upgrade for me after using poco f1 for half a decade.I would definitely recommend it. Just go for it you wont regret.","Soni  Nirav","Certified Buyer","Feb, 2024","5","3"
"5","Best in the market!","Awesome buy","Gautam Mandal","Certified Buyer","Oct, 2023","5","2"
"3","Just okay","When compared to android in similar burget, I phone is better only in security Nothing else is better","Sibikumar S","Certified Buyer","Oct, 2024","7","2"
"3","Does the job","Device is getting too hot. It's looking like you have the burning stick.","Nitin  rautela","Certified Buyer","May, 2024","6","2"
"5","Worth every penny","Awesome ü•∞","Soumen Biswas","Certified Buyer","5 months ago","3","1"
"5","Must buy!","I'm very excited to this, Apple iPhone 15And this is my first Apple devices! Value for money ‚úîÔ∏èTQ so much for your valuable cooperation FlipkartDelivery within 24 hrs only","Dulamani Pranaya  Patel","Certified Buyer","Nov, 2024","3","1"
"5","Simply awesome","Nice camara","Flipkart Customer","Certified Buyer","Oct, 2024","3","1"
"5","Mind-blowing purchase","Everything is fine but it's heating while using phone ü•≤","Girish Pal","Certified Buyer","Sep, 2024","3","1"
"","","","","","","",""
"5","Terrific","Recently I Switch from Vivo to iPhone. I am satisfied with camera performance And Display but not battery. Everything is perfect on iPhone 15.","Abdal  Qamar","Certified Buyer","Jul, 2024","3","1"
"5","Super!","A great upgrade from iPhone 11..The battery backup is great it is even better than iPhone 15pro which is obvious due to the proMotion 120hz display..Yes you'll feel the absence of 120hz but it doesn't matters that much until you play games yes you won't get 90fps on bgmi but yes still you can play games without any hesitation everyone mostly knows that and yes 60fps is enough coz our eyes can fully utilise the 60fps Higher fps are just eye pleasing..So It is not a big deal..Camera performance...","Sk Nadim Hossain","Certified Buyer","May, 2024","3","1"
"5","Simply awesome","It is a really good phone for daily tasks. The cameras are great 48mp photos are very sharp and detailed. You can relay on this phone for 5 years. I have other apple products and the ecosystem is also great. Everything works seamlessly. For those who are switching from android:Battery life is good in this phone but compared to my previous phone which had 4500mAh battery I have to charge this phone 2 times in a day almost after limiting the battery to 80%. Overall it is a great phone the v...","Pratyay Sarkar","Certified Buyer","Apr, 2024","3","1"
"5","Terrific purchase","Exclusive product from Apple. Thanks To Flipkart for fast delivery","Sidhart Lal","Certified Buyer","Mar, 2024","3","1"
"5","Terrific purchase","I am happy with this iphone 15. Battery,Display are best and camera also","Pawan Kumar","Certified Buyer","Feb, 2024","2","1"
"5","Simply awesome","The product is very nice just switched from iPhone XR. Was thinking to buy Samsung S24 but happy with this purchase.The camera is awesomeA single charge will last for a day","Abhishek Prasad","Certified Buyer","Jan, 2024","3","0"
"5","Fabulous!","My dream comes true","Sreenivas Vadde","Certified Buyer","Jan, 2024","3","0"
"5","Super!","Superb","Raj Vk","Certified Buyer","Jan, 2024","3","1"
"5","Great product","Very powerful phone. Camera is extremely good if one can adjust the settings. Battery backup is awesome. Design is handy. Features are cool. Price is reasonable.","Rishi Ratan Sarkar","Certified Buyer","Jan, 2024","3","1"
"5","Mind-blowing purchase","Good camera","Susant Bhoi","Certified Buyer","Jan, 2024","3","1"
"","","","","","","",""
"5","Perfect product!","Good and super performance loved it but not happy with the delivery its been late for 2days rest all went good n awesome product","Rohith cherry Reddy","Certified Buyer","Nov, 2023","2","1"
"5","Wonderful","Nothing to say..‚úåÔ∏è(Camera, performance, display, design, battey service )Everything is Perfect üòç","Sohel Seikh","Certified Buyer","Oct, 2023","3","0"
"5","Super!","Fantastic","Md Omair   Ahmed","Certified Buyer","Oct, 2023","3","1"
"4","Brilliant","As always, Apple doing its job perfectly! Superb Phone!","Flipkart Customer","Certified Buyer","Oct, 2023","6","4"
"5","Simply awesome","Awesome ü´†üòå","Ruhul Islam","Certified Buyer","Jun, 2024","4","2"
"5","Worth every penny","Overall: The iPhone 15 is a fantastic phone for everyday use, it offers a compelling blend of performance, camera prowess (no doubt the best camera), and battery life (as per my use it is easily lasting 1 full day). However, the lack of a high refresh rate display and the underwhelming charging speed hold it back from being truly exceptional.Pros:Superb Cameras: The 48MP main sensor captures stunning photos with excellent detail and dynamic range. Low-light performance is also impressive. ...","Hitesh  Mahajan","Certified Buyer","May, 2024","4","2"
"5","Great product","Very good experience, highly recommended for upgrade","Akshit","Certified Buyer","Oct, 2023","4","1"
"3","Fair","Over hyped. Not as good as android. Not suggested. Only brand name.","Amit Kumar","Certified Buyer","Oct, 2024","3","0"
"4","Wonderful","Okay","Vikas Rana","Certified Buyer","6 months ago","3","1"
"4","Pretty good","Writing this review after using it for a month. Display - 4.5/5Performance - 5/5Camera - 4.5/5 ( camera settings would help a lot with improving camera quality) Battery - 3/5 drains very early And sometimes there is lil heating issue","Rajiv Bhardwaj","Certified Buyer","Nov, 2024","3","1"
"","","","","","","",""
"5","Wonderful","Very Best baseline iPhone ever. even if you have a iphone 14 it is still a upgrade. the new frosted glass and rounded edges make it premium feel. camera is just awesome. better than 14 pro camera. battery is just like iphone 14. type c is also a welcome with braided data cabel. just blue colour looks a lot like white.","Aniket Rajput","Certified Buyer","Jan, 2024","6","5"
"3","Nice","It ticks all the basic boxes well as expected. But had a lot of expectations from the camera as it was one of the primary reasons for buying iPhone. I can tell you - just go with a Samsung if you want to click photos without thinking too much.The iPhone's camera is not good for Indian human subjects with darker skin tones. It over-processes the image way too much and makes you look much darker than you are. Not just human subjects, it overprocesses everything. The final image looks very dif...","Pritesh Saha","Certified Buyer","Sep, 2024","9","4"
"4","Good quality product","Pros:Battery LifeThermal managementBody designRAM ManagementCons:iOS - Unpractical, too buggy and least automated","Priyanshu  Pandey","Certified Buyer","Mar, 2024","8","8"
"5","Horrible","The divice is very heating problem","TAHA Khan","Certified Buyer","May, 2024","4","4"
"5","Unrivalled performance and best camera system","Guys dont listen to negative reviews about 60hz display and batter heating issues. ios makes you forget that you are using a 60hz display cuz its much better than a 90hz or 120hz display in android. zero bugs, amazing user interface, best camera in class. after using oneplus, samsung, redmi, realme, infinix and oppo for the past 10 years, finally am realising why people hype iphones. truly amazing experience.","raja sekaran","Certified Buyer","Apr, 2024","5","4"
"5","Terrific","Good","Vraj Patel","Certified Buyer","Sep, 2023","5","3"
"2","Slightly disappointed","The products are good but Flipkart services are  very third class and exchange services are very third class and they didn't have knowledge for exchanging the product .","Mitul Patel","Certified Buyer","Jan, 2024","6","0"
"5","Classy product","Smooth üî•","Vivek Rawat","Certified Buyer","Sep, 2023","6","7"
"5","Fabulous!","I bought this iphone 15 in bbd sale 2024Camera - 5/5Battery - Better then other iphones 5/5Display - AwesomePerformance - A little performance drop when used in sunlight but otherwise performs wellOverall - It is a all rounder phone for gaming, camera, battery, looks and allBest part - It works seamlessly in my apply ecosystem with my mac and ipadThanks to apple and flipkart","Abhishek patel","Certified Buyer","Oct, 2024","3","2"
"5","Worth every penny","Android is better than ios","Arun kumar  Vikram","Certified Buyer","Mar, 2024","3","2"
"","","","","","","",""
"5","Mind-blowing purchase","Nice Overall performance. Loved the inhand feel of the device üòç Amazing camera quality","Sahil Badkul","Certified Buyer","Jan, 2024","2","2"
"5","Classy product","High quality camera The iPhone 15 has a new 48-megapixel main camera. The new camera sensor is larger than the one in the iPhone 14, and it has better low-light performance. The iPhone 15 also has a new 12-megapixel ultrawide camera and a new 12-megapixel telephoto camera.","Saikrishna Kathi","Certified Buyer","Jan, 2024","3","2"
"4","Wonderful","Not justifying the price .. bit disappointed about the  display (refresh rate should be high).. no differences between 12 and 15 except brightness .. those who willing to upgrade plz be ok with your 13 .. there is very low difference in day to day life use..but the Dynamic Island is awesome it is way better than expected..","Asif ikbal Shaikh","Certified Buyer","Jan, 2024","6","7"
"4","Very Good","AFTER ONE WEEK OVERALL PERFOMANCE IS GOOD BUT  FEW APPLE MUST IMPROVE 1. Design very Round on Corner gives a feel of baby Toy, 2. Some thing must improve in iOS 17 its very Classic in this mordern era like Auto Rotate not possible on photos you will have to go home select rotate lock etc.","Yogendra  Tiwari","Certified Buyer","Jan, 2024","3","2"
"4","Nice product","Timely fast delivery by flipcart.Product wise it was just superb ... new design with matt finish and the camaras are just outstanding .","Hari Krishnan","Certified Buyer","Oct, 2023","3","2"
"4","Pretty good","Nice","abhishek peesa","Certified Buyer","Oct, 2023","3","2"
"5","Super!","Loving it!!! Delivery was quick .","Rosti hokai","Certified Buyer","Oct, 2023","3","4"
"5","Highly recommended","Looking Like Monster ü§çüíô","Muna Matiary","Certified Buyer","Feb, 2024","5","6"
"5","Highly recommended","One of my best purchase form Flipkart üòçüòç here are sample pictures captured from my iPhone 15 ‚ò∫Ô∏è‚ò∫Ô∏è","Supriya Shashikanth","Certified Buyer","5 months ago","2","1"
"5","Terrific purchase","Good","Teja Gonipalli","Certified Buyer","7 months ago","2","1"
"","","","","","","",""
"5","Super!","The best iphone to buy right now. Chose the 512 gb variant. It has type c, great battery life and overall great size as well. Thought of getting the plus but it was too big. But that does have good battery life. But this one has a great battery life even with a small battery. Also no words to say about camera and performance. Great absolutely beautiful. I went for the 512 gb storage because this uses more space for photos with the new 48 mp camera. Iphone should really make the base variant a...","Jeffin Jacob Paul","Certified Buyer","11 months ago","2","1"
"5","Terrific","No need to say about quality. But Performance is little bit slow..may be bcoz of 60 hz. Battery has improved a lot. It'll better, if you close background refresh.","DEEPAK TYAGI","Certified Buyer","Oct, 2024","2","1"
"5","Mind-blowing purchase","Honestly speaking, long term android users will not get satisfied with iOS, the iPhone is good for social status and shows off, but obviously we always want to have an iphone. If you are looking for a good camera quality then go for s23/s24 (even the base model) , but if you are just looking for a phone with social status then go for this technologcal beauty.","kushal Dey","Certified Buyer","Oct, 2024","2","1"
"5","Excellent","Amazing product I have upgrade from iPhone 12 to iPhone 15 and it is just incredible. Battery performance also improved a lot .. ü§©","Rechal Clinton Lal","Certified Buyer","Oct, 2024","2","1"
"5","Simply awesome","If You are having Iphone 13/14. This upgrade may seem illogical. Rest everything is fine. Yet laving some lag issues while typing.","Sumit  Panja","Certified Buyer","Sep, 2024","2","1"
"5","Brilliant","The best iphone till so far. Magnificent look and feel.I bought the 15 one and it's so compact and feels so good in hand.One major feature of this phone is the amazing dynamic island and it's animations.Go with it, you'll find your money spent well.","Harsh  Saxena","Certified Buyer","Sep, 2024","2","1"
"5","Great product","Amazing phone overall, camera is good even in low light, telephoto camera is quite unique to get more closer photos without loosing quality, display as always amazing, but bas model 60 hz gotta comprise with that and last not least around 7 8 hrs with medium usage battery life.","Shivaji  Pal","Certified Buyer","Sep, 2024","2","1"
"5","Mind-blowing purchase","I am so happy üëåüëåüëåüëåüëåüëåüëåüëå","Ibnemasud  Dabu","Certified Buyer","Aug, 2024","1","0"
"5","Super!","Value Of üí∞ money Good battery üîã Good Quality Camera üì∏ü§≥üèª Thanku Flipkart Thanku Seller Support","Manoj Kumar","Certified Buyer","Jun, 2024","2","1"
"5","Worth every penny","Nice products ‚úåüèªüëç","Satyaprakash  Maurya","Certified Buyer","Jun, 2024","2","1"
"","","","","","","",""
"5","Fabulous!","Best phone ü§óü§ç","Asim Sunar","Certified Buyer","May, 2024","2","1"
"5","Mind-blowing purchase","Alhamdulillah One More Added By The Mercy Of Allah SWT üíó","Miswa Malik","Certified Buyer","May, 2024","2","1"
"5","Just wow!","Best phone ever, Excellent Camera Quality, Everything is Perfect","Amit  Jain","Certified Buyer","May, 2024","2","1"
"5","Highly recommended","The camera of iPhone 15 is very good because I am using it, everything is working fine, many people are saying that the battery is not working but this is wrong, I am using it and it works fine‚ù§Ô∏è","Rajesh Kumar","Certified Buyer","May, 2024","2","1"
"5","Simply awesome","Very good product","Shankar Ji","Certified Buyer","May, 2024","2","1"
"5","Worth every penny","Upgraded from iPhone 12 to 15 every thing is nice but little bit heating issues is coming while charging the phone I requesting apple to kindly resolve this issue in next update.","Navneet Ranjan","Certified Buyer","Apr, 2024","2","1"
"5","Terrific","Camera 5/5Display 5/5Battery 4/5Design 5/5Totally happy ‚ù§Ô∏è","Adhishwar Mishra","Certified Buyer","Apr, 2024","2","1"
"5","Classy product","Good mobile but charging is getting down fasttt","Flipkart Customer","Certified Buyer","Mar, 2024","2","0"
"5","Awesome","best phone must buy","Ujwal Khairnar","Certified Buyer","Mar, 2024","2","0"
"5","Must buy!","nice one","inderjeet Singh","Certified Buyer","Feb, 2024","2","0"
"","","","","","","",""
"5","Super!","Awesome I switched from Android it's great feeling just go for it ü•∞ü•∞ü•∞","Divyanshu Roy","Certified Buyer","Feb, 2024","2","1"
"5","Simply awesome","Simply AWESOME üòç","Rajesh Kumar","Certified Buyer","Feb, 2024","2","0"
"5","Awesome","Very good product,","Hariom","Certified Buyer","Feb, 2024","1","1"
"5","Classy product","Undoubtedly, best phone for the next few years to come !! Flipkart has given the best buyback price so far for me on whatever iPhones I have purchased.","Srinivas Kannan","Certified Buyer","Feb, 2024","1","0"
"5","Classy product","This iPhone 15 is simply amazing. Was dicey about ordering it online as I was concerned if it would be genuine. But I got the iPhone which was in perfect condition. Talking about the phone and features, the camera is great and the iOS user experience is brilliant, performance is amazing, although the battery drains out a bit fast but with proper settings that can be handled too. Overall it's a great phone if you have the budget and it's the best time to buy if you're considering switching fro...","Surya Duvvuri","Certified Buyer","Jan, 2024","1","0"
"5","Terrific","Awesome camera","Bharat Raj Rohidas","Certified Buyer","Jan, 2024","2","0"
"5","Super!","Superb phone ‚ù§Ô∏è I am using last 5 year of iPhone","Karan Yaduvanshi","Certified Buyer","Jan, 2024","1","1"
"5","Super!","This is my first iPhone, software is a bit confusing but we will get used to it by the time and the product quality is extraordinary. If you have budget and wanting an iPhone you can go for it. This phone is very compact.","Rahul","Certified Buyer","Dec, 2023","2","0"
"5","Perfect product!","The colour blue is so good and the battery life is so long as compared to 14 the camera is much better than 14series best phone I experienced very good","Mohd Siddique","Certified Buyer","Nov, 2023","2","1"
"5","Fabulous!","Great phone but still missing 90hz refresh rate display!","Ashok kumar","Certified Buyer","Nov, 2023","2","1"
"","","","","","","",""
"5","Classy product","Good","bapan paul","Certified Buyer","Nov, 2023","2","0"
"5","Great product","Just wowwww ‚ù§Ô∏è","Sovan Sarkar","Certified Buyer","Oct, 2023","2","1"
"5","Excellent","Value for money","Rishabh  Singh","Certified Buyer","1 month ago","1","0"
"5","Super!","Excellent product","Ananth  A","Certified Buyer","2 months ago","1","0"
"5","Wonderful","Nyz phone , Good battery backup. Overall value for moneyüôå.","Flipkart Customer","Certified Buyer","2 months ago","0","0"
"5","Mind-blowing purchase","Love to use iphone. Excellent product","sufiyan kansara","Certified Buyer","3 months ago","1","0"
"5","Awesome","Good product","Flipkart Customer","Certified Buyer","3 months ago","1","0"
"5","Highly recommended","Awesome","Rahul Ahirwar","Certified Buyer","3 months ago","0","0"
"5","Terrific purchase","Thanks Apple ‚ú®‚ù§Ô∏è","Harshit Prajapati","Certified Buyer","3 months ago","1","0"
"5","Perfect product!","All quality are good","Isha Rajput","Certified Buyer","3 months ago","1","0"
"","","","","","","",""